method,t,index_build_time,query_time,similar_pairs_count,total_runtime
lsh_basic,200.0,,,0.0,0.17374825477600098
lsh_bucketing,200.0,,,0.0,0.07787013053894043
lsh_forest,200.0,,,0.0,0.09000468254089355
minhash,200.0,,,0.0,0.15276217460632324
